Date_Last_Researched,Latitude,Longitude,Country,Capacity_(MW),Technology_Type,Status,Start_year,Retired_year,Subregion,Region,GEM_location_ID,GEM_phase_ID,PV_value
1/23/2023,52.1992,0.1427,United Kingdom,1,PV,operating,2020,,Northern Europe,Europe,L825027,G828307,2.825
1/23/2023,54.3402,-2.7339,United Kingdom,1,PV,operating,2020,,Northern Europe,Europe,L825028,G828308,2.529
1/23/2023,50.2832,-3.7785,United Kingdom,1,PV,operating,2021,,Northern Europe,Europe,L825029,G828309,3.032
1/23/2023,51.6513,0.621,United Kingdom,2,PV,operating,2019,,Northern Europe,Europe,L825030,G828310,2.924
1/23/2023,56.3333,-3.001,United Kingdom,1,PV,operating,2020,,Northern Europe,Europe,L825031,G828311,2.606
1/23/2023,51.4352,-2.4815,United Kingdom,2,PV,operating,2019,,Northern Europe,Europe,L825032,G828312,2.823
1/23/2023,53.4151,-2.1456,United Kingdom,2,PV,operating,2020,,Northern Europe,Europe,L825033,G828313,2.507
1/23/2023,51.5539,-1.7869,United Kingdom,2,PV,operating,,,Northern Europe,Europe,L825034,G828314,2.805
1/23/2023,53.6042,-2.8409,United Kingdom,1,PV,operating,,,Northern Europe,Europe,L825035,G828315,2.725
1/23/2023,52.5113,1.0172,United Kingdom,2,PV,operating,2021,,Northern Europe,Europe,L825036,G828316,2.832
2/13/2023,37.3123,13.5747,Italy,114.2,PV,operating,,,Southern Europe,Europe,L822793,G825859,4.488
2/13/2023,44.835,8.745,Italy,134,PV,operating,,,Southern Europe,Europe,L822803,G825869,3.833
2/13/2023,43.4801,13.2188,Italy,242.7,PV,operating,,,Southern Europe,Europe,L822836,G825902,3.798
2/13/2023,45.7371,7.3197,Italy,23.6,PV,operating,,,Southern Europe,Europe,L822841,G825907,3.936
2/13/2023,43.5172,11.7639,Italy,119.6,PV,operating,,,Southern Europe,Europe,L822857,G825923,3.864
2/13/2023,42.8834,13.5396,Italy,112.3,PV,operating,,,Southern Europe,Europe,L822863,G825929,3.833
2/13/2023,44.826,8.2027,Italy,88.7,PV,operating,,,Southern Europe,Europe,L822870,G825936,3.853
2/13/2023,40.9965,15.1406,Italy,66.6,PV,operating,,,Southern Europe,Europe,L822876,G825942,3.994
2/13/2023,41.1258,16.862,Italy,446.9,PV,operating,,,Southern Europe,Europe,L822881,G825947,4.127
2/13/2023,41.1802,16.1466,Italy,148,PV,operating,,,Southern Europe,Europe,L822882,G825948,4.125
2/13/2023,46.2805,12.0789,Italy,43.7,PV,operating,,,Southern Europe,Europe,L822890,G825956,2.855
2/13/2023,41.2476,14.7057,Italy,53.9,PV,operating,,,Southern Europe,Europe,L822894,G825960,3.958
2/13/2023,45.7567,9.7542,Italy,304.3,PV,operating,,,Southern Europe,Europe,L822898,G825964,3.673
2/13/2023,45.567,8.0869,Italy,66.8,PV,operating,,,Southern Europe,Europe,L822902,G825968,3.821
2/13/2023,44.4939,11.3426,Italy,320.4,PV,operating,,,Southern Europe,Europe,L822907,G825973,3.807
2/13/2023,46.656,11.2302,Italy,218.8,PV,operating,,,Southern Europe,Europe,L822909,G825975,4.01
2/13/2023,45.7796,10.4259,Italy,430.9,PV,operating,,,Southern Europe,Europe,L822916,G825982,3.34
2/13/2023,40.6359,17.6884,Italy,325,PV,operating,,,Southern Europe,Europe,L822920,G825986,4.198
2/13/2023,39.2172,9.1133,Italy,62.6,PV,operating,,,Southern Europe,Europe,L822931,G825997,4.357
2/13/2023,37.4899,14.0632,Italy,56.5,PV,operating,,,Southern Europe,Europe,L822943,G826009,4.446
2/13/2023,41.7173,14.8262,Italy,84.9,PV,operating,,,Southern Europe,Europe,L822960,G826026,3.964
2/13/2023,41.2035,14.1169,Italy,153.2,PV,operating,,,Southern Europe,Europe,L822992,G826058,4.103
2/13/2023,37.5024,15.0874,Italy,161,PV,operating,,,Southern Europe,Europe,L823035,G826101,4.427
2/13/2023,38.83,16.4316,Italy,71.7,PV,operating,,,Southern Europe,Europe,L823041,G826107,4.173
2/13/2023,42.1027,14.4159,Italy,188.3,PV,operating,,,Southern Europe,Europe,L823069,G826135,3.951
2/13/2023,45.9395,9.1494,Italy,95.5,PV,operating,,,Southern Europe,Europe,L823102,G826168,3.394
2/13/2023,39.5967,16.3331,Italy,172.8,PV,operating,,,Southern Europe,Europe,L823116,G826182,4.259
2/13/2023,45.2209,10.037,Italy,215.3,PV,operating,,,Southern Europe,Europe,L823120,G826186,3.811
2/13/2023,39.1874,16.8783,Italy,29.6,PV,operating,,,Southern Europe,Europe,L823123,G826189,4.032
2/13/2023,44.4581,7.5581,Italy,480.2,PV,operating,,,Southern Europe,Europe,L823125,G826191,4.018
2/13/2023,37.5668,14.2808,Italy,39.6,PV,operating,,,Southern Europe,Europe,L823144,G826210,4.337
2/13/2023,43.0923,13.6388,Italy,88.1,PV,operating,,,Southern Europe,Europe,L823152,G826218,3.901
2/13/2023,44.7668,11.8279,Italy,142.3,PV,operating,,,Southern Europe,Europe,L823154,G826220,3.767
2/13/2023,43.7699,11.2556,Italy,107.4,PV,operating,,,Southern Europe,Europe,L823166,G826232,3.848
2/13/2023,41.5028,15.4529,Italy,282.5,PV,operating,,,Southern Europe,Europe,L823174,G826240,4.066
2/13/2023,44.0227,12.0141,Italy,214.9,PV,operating,,,Southern Europe,Europe,L823191,G826257,3.682
2/13/2023,41.6286,13.5759,Italy,101.6,PV,operating,,,Southern Europe,Europe,L823203,G826269,4.085
2/13/2023,44.4073,8.9339,Italy,26.8,PV,operating,,,Southern Europe,Europe,L823218,G826284,3.789
2/13/2023,45.9441,13.6252,Italy,39.8,PV,operating,,,Southern Europe,Europe,L823234,G826300,3.613
2/13/2023,42.7751,11.2878,Italy,70.8,PV,operating,,,Southern Europe,Europe,L823237,G826303,4.074
2/13/2023,43.9584,7.8667,Italy,27.5,PV,operating,,,Southern Europe,Europe,L823260,G826326,3.66
2/13/2023,41.6495,14.2081,Italy,25.6,PV,operating,,,Southern Europe,Europe,L823265,G826331,3.998
2/13/2023,42.1369,13.6103,Italy,95,PV,operating,,,Southern Europe,Europe,L823278,G826344,4.133
2/13/2023,44.2384,9.6912,Italy,23.2,PV,operating,,,Southern Europe,Europe,L823280,G826346,3.622
2/13/2023,41.4595,13.0126,Italy,115.5,PV,operating,,,Southern Europe,Europe,L823297,G826363,4.112
2/13/2023,40.1522,18.2261,Italy,510.9,PV,operating,,,Southern Europe,Europe,L823312,G826378,4.22
2/13/2023,45.9006,9.412,Italy,50.6,PV,operating,,,Southern Europe,Europe,L823316,G826382,3.661
2/13/2023,42.7902,10.3403,Italy,52.8,PV,operating,,,Southern Europe,Europe,L823324,G826390,4.033
2/13/2023,45.2613,9.4917,Italy,103.8,PV,operating,,,Southern Europe,Europe,L823327,G826393,3.795
2/13/2023,44.0178,10.4544,Italy,60,PV,operating,,,Southern Europe,Europe,L823332,G826398,3.736
2/13/2023,43.153,13.1509,Italy,226.5,PV,operating,,,Southern Europe,Europe,L823336,G826402,3.815
2/13/2023,45.1693,10.6708,Italy,213.3,PV,operating,,,Southern Europe,Europe,L823349,G826415,3.802
2/13/2023,44.2132,10.0526,Italy,24,PV,operating,,,Southern Europe,Europe,L823368,G826434,3.8
2/13/2023,40.4476,16.4736,Italy,144.2,PV,operating,,,Southern Europe,Europe,L823374,G826440,4.103
2/13/2023,38.1938,15.5542,Italy,57.4,PV,operating,,,Southern Europe,Europe,L823389,G826455,4.111
2/13/2023,45.4642,9.1896,Italy,318.8,PV,operating,,,Southern Europe,Europe,L823390,G826456,3.789
2/13/2023,44.5385,10.936,Italy,247.6,PV,operating,,,Southern Europe,Europe,L823396,G826462,3.851
2/13/2023,45.6395,9.2789,Italy,108.5,PV,operating,,,Southern Europe,Europe,L823449,G826515,3.823
2/13/2023,40.8359,14.2488,Italy,122.8,PV,operating,,,Southern Europe,Europe,L823457,G826523,4.168
2/13/2023,45.5843,8.546,Italy,90.7,PV,operating,,,Southern Europe,Europe,L823489,G826555,3.889
2/13/2023,40.264,9.1272,Italy,73.6,PV,operating,,,Southern Europe,Europe,L823495,G826561,4.156
2/13/2023,40.0266,8.6796,Italy,61.6,PV,operating,,,Southern Europe,Europe,L823500,G826566,4.228
2/13/2023,45.4077,11.8735,Italy,326.2,PV,operating,,,Southern Europe,Europe,L823524,G826590,3.757
2/13/2023,38.1112,13.3524,Italy,108.6,PV,operating,,,Southern Europe,Europe,L823540,G826606,4.282
2/13/2023,44.8014,10.3281,Italy,128.6,PV,operating,,,Southern Europe,Europe,L823545,G826611,3.83
2/13/2023,45.0369,9.1378,Italy,141.7,PV,operating,,,Southern Europe,Europe,L823556,G826622,3.802
2/13/2023,43.107,12.403,Italy,314,PV,operating,,,Southern Europe,Europe,L823564,G826630,3.915
2/13/2023,43.6941,12.7013,Italy,222.6,PV,operating,,,Southern Europe,Europe,L823568,G826634,3.768
2/13/2023,42.3103,13.9576,Italy,61.8,PV,operating,,,Southern Europe,Europe,L823570,G826636,3.902
2/13/2023,44.8476,9.6665,Italy,152.7,PV,operating,,,Southern Europe,Europe,L823575,G826641,3.829
2/13/2023,43.7159,10.4019,Italy,83.6,PV,operating,,,Southern Europe,Europe,L823601,G826667,3.979
2/13/2023,43.9741,10.8687,Italy,41.3,PV,operating,,,Southern Europe,Europe,L823603,G826669,3.707
2/13/2023,45.9563,12.6597,Italy,130.6,PV,operating,,,Southern Europe,Europe,L823634,G826700,3.716
2/13/2023,40.5183,15.821,Italy,169,PV,operating,,,Southern Europe,Europe,L823638,G826704,3.995
2/13/2023,43.9357,11.0942,Italy,74.9,PV,operating,,,Southern Europe,Europe,L823645,G826711,3.755
2/13/2023,36.922,14.7214,Italy,122.5,PV,operating,,,Southern Europe,Europe,L823659,G826725,4.469
2/13/2023,44.3641,12.059,Italy,243.6,PV,operating,,,Southern Europe,Europe,L823664,G826730,3.83
2/13/2023,38.1035,15.6398,Italy,63.7,PV,operating,,,Southern Europe,Europe,L823671,G826737,4.23
2/13/2023,44.6087,10.5948,Italy,165.1,PV,operating,,,Southern Europe,Europe,L823672,G826738,3.812
2/13/2023,42.4147,12.8859,Italy,22.8,PV,operating,,,Southern Europe,Europe,L823680,G826746,4.094
2/13/2023,43.9471,12.6308,Italy,82.2,PV,operating,,,Southern Europe,Europe,L823682,G826748,3.83
2/13/2023,41.8933,12.4829,Italy,302.9,PV,operating,,,Southern Europe,Europe,L823692,G826758,4.161
2/13/2023,44.9772,12.2742,Italy,125.6,PV,operating,,,Southern Europe,Europe,L823713,G826779,3.815
2/13/2023,40.4194,15.3108,Italy,170.3,PV,operating,,,Southern Europe,Europe,L823725,G826791,4.027
2/13/2023,40.7233,8.561,Italy,118.3,PV,operating,,,Southern Europe,Europe,L823790,G826856,4.203
2/13/2023,44.2334,8.2526,Italy,28.4,PV,operating,,,Southern Europe,Europe,L823795,G826861,3.592
2/13/2023,43.1672,11.4672,Italy,72.5,PV,operating,,,Southern Europe,Europe,L823821,G826887,3.963
2/13/2023,37.0646,15.2907,Italy,147.6,PV,operating,,,Southern Europe,Europe,L823826,G826892,4.459
2/13/2023,46.3234,10.2584,Italy,51.6,PV,operating,,,Southern Europe,Europe,L823834,G826900,3.633
2/13/2023,40.7801,8.5258,Italy,102.5,PV,operating,,,Southern Europe,Europe,L823854,G826920,4.224
2/13/2023,40.5488,17.0806,Italy,240.4,PV,operating,,,Southern Europe,Europe,L823858,G826924,4.175
2/13/2023,42.6581,13.6979,Italy,193.5,PV,operating,,,Southern Europe,Europe,L823865,G826931,3.835
2/13/2023,42.654,12.4397,Italy,105.8,PV,operating,,,Southern Europe,Europe,L823869,G826935,4.1
2/13/2023,45.0678,7.6825,Italy,372,PV,operating,,,Southern Europe,Europe,L823886,G826952,3.839
2/13/2023,38.0174,12.516,Italy,92,PV,operating,,,Southern Europe,Europe,L823908,G826974,4.388
2/13/2023,46.103,11.1297,Italy,177.3,PV,operating,,,Southern Europe,Europe,L823923,G826989,3.702
2/13/2023,45.8067,12.2063,Italy,340.8,PV,operating,,,Southern Europe,Europe,L823927,G826993,3.741
2/13/2023,45.6497,13.7773,Italy,19.5,PV,operating,,,Southern Europe,Europe,L823928,G826994,3.688
2/13/2023,46.0635,13.2358,Italy,241.5,PV,operating,,,Southern Europe,Europe,L823940,G827006,3.683
2/13/2023,45.8397,8.7541,Italy,149.5,PV,operating,,,Southern Europe,Europe,L823961,G827027,3.868
2/13/2023,45.4372,12.3346,Italy,193.1,PV,operating,,,Southern Europe,Europe,L823966,G827032,3.781
2/13/2023,46.1156,8.3836,Italy,17.3,PV,operating,,,Southern Europe,Europe,L823969,G827035,3.031
2/13/2023,45.5554,8.3463,Italy,66.9,PV,operating,,,Southern Europe,Europe,L823970,G827036,3.907
2/13/2023,45.4385,10.9924,Italy,360.2,PV,operating,,,Southern Europe,Europe,L823974,G827040,3.794
2/13/2023,38.6267,16.0987,Italy,29.9,PV,operating,,,Southern Europe,Europe,L823984,G827050,4.102
2/13/2023,45.6349,11.4064,Italy,299.3,PV,operating,,,Southern Europe,Europe,L823985,G827051,3.629
2/13/2023,42.4937,11.9451,Italy,142.3,PV,operating,,,Southern Europe,Europe,L824006,G827072,4.115
2/9/2023,46.0655,5.2848,France,50.4,PV,operating,2010,,Western Europe,Europe,L815950,G818863,3.499
2/9/2023,49.4533,3.6069,France,30.5,PV,operating,2013,,Western Europe,Europe,L815953,G818866,3.017
2/9/2023,46.3675,3.1639,France,109.7,PV,operating,2016,,Western Europe,Europe,L815967,G818880,3.442
2/9/2023,43.9211,7.1791,France,37.7,PV,operating,2010,,Western Europe,Europe,L815972,G818885,3.766
2/9/2023,44.1641,6.1879,France,62.6,PV,operating,2014,,Western Europe,Europe,L815971,G818884,4.178
2/9/2023,49.698,4.6716,France,27.9,PV,operating,2013,,Western Europe,Europe,L815984,G818897,2.997
2/9/2023,44.8152,4.3987,France,68.1,PV,operating,2012,,Western Europe,Europe,L815983,G818896,3.564
2/9/2023,42.9455,1.4066,France,45.4,PV,operating,2012,,Western Europe,Europe,L815987,G818900,3.452
2/9/2023,48.3202,4.1905,France,32.6,PV,operating,2012,,Western Europe,Europe,L816008,G818921,3.28
2/9/2023,43.0543,2.5125,France,82,PV,operating,2012,,Western Europe,Europe,L816010,G818923,3.621
2/9/2023,44.3159,2.5066,France,231.5,PV,operating,2014,,Western Europe,Europe,L816016,G818929,3.768
2/9/2023,48.5992,7.5337,France,118.3,PV,operating,2012,,Western Europe,Europe,L816035,G818948,3.182
2/9/2023,43.5424,5.0343,France,197,PV,operating,,,Western Europe,Europe,L816115,G819030,4.274
2/9/2023,49.0908,-0.2414,France,30.6,PV,operating,2013,,Western Europe,Europe,L816154,G819069,3.13
2/9/2023,45.0498,2.6997,France,119.9,PV,operating,2015,,Western Europe,Europe,L816157,G819072,3.599
2/9/2023,45.6668,0.0973,France,96.5,PV,operating,2014,,Western Europe,Europe,L816278,G819195,3.498
2/9/2023,45.7302,-0.7213,France,119.8,PV,operating,2013,,Western Europe,Europe,L816279,G819196,3.534
2/9/2023,47.0249,2.5753,France,88.5,PV,operating,2015,,Western Europe,Europe,L816292,G819210,3.325
2/9/2023,45.3429,1.8176,France,102,PV,operating,2014,,Western Europe,Europe,L816320,G819238,3.428
2/9/2023,46.0594,2.0489,France,90.4,PV,operating,2016,,Western Europe,Europe,L816378,G819296,3.374
2/9/2023,47.4655,4.7481,France,66.1,PV,operating,2014,,Western Europe,Europe,L816322,G819240,3.309
2/9/2023,48.4615,-2.7514,France,47.6,PV,operating,2011,,Western Europe,Europe,L816323,G819241,3.072
2/9/2023,46.5391,-0.2995,France,124.2,PV,operating,2015,,Western Europe,Europe,L816417,G819336,3.416
2/9/2023,45.1429,0.6321,France,91.8,PV,operating,2015,,Western Europe,Europe,L816428,G819347,3.483
2/9/2023,47.067,6.2356,France,42.5,PV,operating,2011,,Western Europe,Europe,L816430,G819349,3.407
2/9/2023,44.7295,5.2046,France,152.8,PV,operating,2013,,Western Europe,Europe,L816433,G819352,3.842
2/9/2023,48.5303,2.2393,France,18.8,PV,operating,2011,,Western Europe,Europe,L816455,G819374,3.167
2/9/2023,49.0756,0.9652,France,47.3,PV,operating,2010,,Western Europe,Europe,L816462,G819381,3.137
2/9/2023,48.4474,1.3999,France,48.1,PV,operating,,,Western Europe,Europe,L816463,G819382,3.22
2/9/2023,48.2451,-4.0441,France,68.3,PV,operating,2012,,Western Europe,Europe,L816483,G819402,2.992
2/9/2023,43.96,4.2976,France,138.3,PV,operating,2012,,Western Europe,Europe,L816515,G819441,4.125
2/9/2023,43.6955,0.4101,France,137.6,PV,operating,2015,,Western Europe,Europe,L816529,G819455,3.584
2/9/2023,44.8838,-0.6051,France,111.7,PV,operating,2011,,Western Europe,Europe,L816538,G819464,3.519
2/9/2023,47.8655,7.2315,France,82.1,PV,operating,2011,,Western Europe,Europe,L816571,G819499,3.339
2/9/2023,43.3055,0.9717,France,157.5,PV,operating,2012,,Western Europe,Europe,L816572,G819500,3.682
2/9/2023,45.0857,3.8338,France,70.4,PV,operating,2013,,Western Europe,Europe,L816574,G819502,3.609
2/9/2023,48.1329,5.2529,France,28.6,PV,operating,2014,,Western Europe,Europe,L816575,G819503,3.174
2/9/2023,46.0688,6.3445,France,64.9,PV,operating,2009,,Western Europe,Europe,L816577,G819505,3.546
2/9/2023,47.6384,6.0951,France,21.1,PV,operating,,,Western Europe,Europe,L816576,G819504,3.296
2/9/2023,45.919,1.2032,France,72.6,PV,operating,2015,,Western Europe,Europe,L816578,G819506,3.41
2/9/2023,44.6565,6.352,France,77.3,PV,operating,2015,,Western Europe,Europe,L816580,G819508,4.11
2/9/2023,43.1438,0.1587,France,42.9,PV,operating,2013,,Western Europe,Europe,L816581,G819509,3.568
2/9/2023,48.8402,2.1986,France,7.8,PV,operating,2012,,Western Europe,Europe,L816582,G819510,3.111
2/9/2023,43.5914,3.3553,France,168.5,PV,operating,,,Western Europe,Europe,L816587,G819515,3.937
2/9/2023,48.1728,-1.6498,France,115.4,PV,operating,2013,,Western Europe,Europe,L816603,G819531,3.143
2/9/2023,46.8121,1.5382,France,72.8,PV,operating,2016,,Western Europe,Europe,L816606,G819534,3.322
2/9/2023,47.2232,0.6867,France,46.5,PV,operating,2014,,Western Europe,Europe,L816607,G819535,3.324
2/9/2023,45.2898,5.6344,France,110.1,PV,operating,2011,,Western Europe,Europe,L816611,G819539,3.46
2/9/2023,46.7834,5.7833,France,26.3,PV,operating,,,Western Europe,Europe,L816632,G819560,3.476
2/9/2023,44.01,-0.6434,France,157.5,PV,operating,2013,,Western Europe,Europe,L816683,G819613,3.435
2/9/2023,47.6598,1.2972,France,42.6,PV,operating,2014,,Western Europe,Europe,L816767,G819710,3.277
2/9/2023,45.7539,4.0455,France,79.7,PV,operating,2012,,Western Europe,Europe,L816768,G819711,3.501
2/9/2023,47.3482,-1.8728,France,152.6,PV,operating,2012,,Western Europe,Europe,L816769,G819712,3.339
2/9/2023,47.9139,2.3075,France,34.6,PV,operating,2013,,Western Europe,Europe,L816770,G819713,3.152
2/9/2023,44.625,1.6658,France,59.6,PV,operating,2014,,Western Europe,Europe,L816773,G819716,3.619
2/9/2023,44.3692,0.4539,France,99.4,PV,operating,2014,,Western Europe,Europe,L816774,G819717,3.572
2/9/2023,44.5426,3.5211,France,34.4,PV,operating,2015,,Western Europe,Europe,L816780,G819723,3.768
2/9/2023,47.3886,-0.3909,France,152.6,PV,operating,2013,,Western Europe,Europe,L816791,G819734,3.305
2/9/2023,49.0919,-1.2455,France,42.1,PV,operating,2012,,Western Europe,Europe,L816795,G819738,3.059
2/9/2023,48.9613,4.3122,France,82,PV,operating,2014,,Western Europe,Europe,L816807,G819750,3.204
2/9/2023,48.1508,-0.6491,France,58.1,PV,operating,2012,,Western Europe,Europe,L816819,G819762,3.179
2/9/2023,48.956,5.987,France,45.4,PV,operating,2013,,Western Europe,Europe,L816829,G819772,3.12
2/9/2023,49.013,5.4287,France,21.3,PV,operating,2014,,Western Europe,Europe,L816830,G819773,3.109
2/9/2023,47.826,-2.7634,France,72.4,PV,operating,2013,,Western Europe,Europe,L816876,G819819,3.151
2/9/2023,49.0207,6.538,France,65,PV,operating,2011,,Western Europe,Europe,L816882,G819825,3.137
2/9/2023,47.1197,3.5449,France,39.4,PV,operating,2016,,Western Europe,Europe,L816906,G819849,3.305
2/9/2023,50.529,3.0884,France,64,PV,operating,2010,,Western Europe,Europe,L816914,G819857,2.983
2/9/2023,49.4121,2.4065,France,24.2,PV,operating,2011,,Western Europe,Europe,L816918,G819861,3.068
2/9/2023,48.5761,0.0447,France,37.7,PV,operating,2014,,Western Europe,Europe,L816935,G819880,3.095
2/9/2023,48.8589,2.32,France,5.6,PV,operating,2014,,Western Europe,Europe,L816950,G819895,3.124
2/9/2023,50.5144,2.258,France,46.8,PV,operating,2010,,Western Europe,Europe,L816956,G819902,3.015
2/9/2023,45.7715,3.084,France,97.1,PV,operating,2013,,Western Europe,Europe,L817029,G819975,3.444
2/9/2023,43.1872,-0.7283,France,130.5,PV,operating,2011,,Western Europe,Europe,L817035,G819981,3.266
2/9/2023,42.6259,2.5065,France,168.2,PV,operating,2014,,Western Europe,Europe,L817036,G819982,3.983
2/9/2023,45.8802,4.5645,France,84.9,PV,operating,2011,,Western Europe,Europe,L817050,G819996,3.458
2/9/2023,48.0269,0.2538,France,68.7,PV,operating,2012,,Western Europe,Europe,L817236,G820184,3.207
2/9/2023,45.4949,6.3847,France,31.5,PV,operating,2009,,Western Europe,Europe,L817246,G820194,3.821
2/9/2023,46.6557,4.5586,France,78.8,PV,operating,2015,,Western Europe,Europe,L817229,G820177,3.385
2/9/2023,49.6632,0.9401,France,33.1,PV,operating,2011,,Western Europe,Europe,L817253,G820203,3.057
2/9/2023,48.9098,2.4529,France,9.3,PV,operating,2010,,Western Europe,Europe,L817254,G820204,3.103
2/9/2023,48.619,3.0418,France,46.8,PV,operating,2012,,Western Europe,Europe,L817252,G820202,3.216
2/9/2023,49.969,2.3739,France,26,PV,operating,2011,,Western Europe,Europe,L817313,G820273,3.038
2/9/2023,43.7922,2.134,France,144.5,PV,operating,2013,,Western Europe,Europe,L817341,G820301,3.681
2/9/2023,44.0807,1.2051,France,83.7,PV,operating,2015,,Western Europe,Europe,L817342,G820302,3.602
2/9/2023,47.6292,6.8993,France,6.6,PV,operating,2010,,Western Europe,Europe,L817359,G820319,3.344
2/9/2023,49.0751,2.2098,France,10.2,PV,operating,2009,,Western Europe,Europe,L817402,G820364,3.064
2/9/2023,48.7745,2.4543,France,7.2,PV,operating,2010,,Western Europe,Europe,L817403,G820365,3.118
2/9/2023,43.4174,6.2665,France,109.1,PV,operating,2011,,Western Europe,Europe,L817417,G820379,4.252
2/9/2023,43.9939,5.1819,France,122.8,PV,operating,2013,,Western Europe,Europe,L817423,G820385,4.221
2/9/2023,46.6758,-1.2915,France,227,PV,operating,2013,,Western Europe,Europe,L817428,G820390,3.428
2/9/2023,46.6121,0.4654,France,158.6,PV,operating,2014,,Western Europe,Europe,L817443,G820405,3.352
2/9/2023,48.1638,6.3821,France,37.8,PV,operating,2011,,Western Europe,Europe,L817470,G820432,3.212
2/9/2023,47.8551,3.645,France,21.3,PV,operating,2012,,Western Europe,Europe,L817481,G820443,3.196
2/9/2023,48.762,1.8871,France,16.3,PV,operating,,,Western Europe,Europe,L817482,G820444,3.126
3/16/2023,48.5796,9.1094,Germany,7109.6,PV,operating,2014,,Western Europe,Europe,L817666,G820642,3.212
3/16/2023,48.8787,11.471,Germany,12566.5,PV,operating,2013,,Western Europe,Europe,L817667,G820643,3.103
3/16/2023,52.5082,13.4185,Germany,173.8,PV,operating,2016,,Western Europe,Europe,L817668,G820644,2.928
3/16/2023,52.3755,13.4695,Germany,1757.7,PV,operating,2016,,Western Europe,Europe,L817669,G820645,2.97
3/16/2023,53.1916,8.7354,Germany,61,PV,operating,2015,,Western Europe,Europe,L817670,G820646,2.787
3/16/2023,53.5274,10.0054,Germany,75.2,PV,operating,2016,,Western Europe,Europe,L817671,G820647,2.786
3/16/2023,50.5161,8.9737,Germany,2414.3,PV,operating,2014,,Western Europe,Europe,L817672,G820648,2.954
3/16/2023,53.7709,12.5694,Germany,1265.3,PV,operating,2016,,Western Europe,Europe,L817673,G820649,2.9
3/16/2023,52.7398,8.589,Germany,4623.8,PV,operating,2015,,Western Europe,Europe,L817674,G820650,2.844
3/16/2023,51.5991,7.4271,Germany,6730.5,PV,operating,2015,,Western Europe,Europe,L817675,G820651,2.881
3/16/2023,49.8914,7.5831,Germany,2279.7,PV,operating,2014,,Western Europe,Europe,L817676,G820652,2.987
3/16/2023,49.3636,7.0052,Germany,421.8,PV,operating,2014,,Western Europe,Europe,L817677,G820653,3.053
3/16/2023,51.0764,13.2147,Germany,1622.7,PV,operating,2016,,Western Europe,Europe,L817678,G820654,3.092
3/16/2023,51.9483,11.7104,Germany,1770,PV,operating,2016,,Western Europe,Europe,L817679,G820655,3.017
3/16/2023,54.2528,9.6036,Germany,1433.2,PV,operating,2013,,Western Europe,Europe,L817680,G820656,2.803
3/16/2023,50.9295,11.0666,Germany,1282.1,PV,operating,2016,,Western Europe,Europe,L817681,G820657,3.002
3/16/2023,48.4738,8.8915,Germany,72.8,PV,pre-construction,2022,,Western Europe,Europe,L817682,G820658,3.287
3/16/2023,48.6509,11.4553,Germany,90.8,PV,pre-construction,2022,,Western Europe,Europe,L817683,G820659,3.196
3/16/2023,52.5043,13.4368,Germany,7.7,PV,pre-construction,2022,,Western Europe,Europe,L817684,G820660,2.931
3/16/2023,52.6627,13.4347,Germany,24.4,PV,pre-construction,2022,,Western Europe,Europe,L817685,G820661,2.913
3/16/2023,53.1647,8.756,Germany,5.4,PV,pre-construction,2022,,Western Europe,Europe,L817686,G820662,2.797
3/16/2023,53.523,10.1481,Germany,5.4,PV,pre-construction,2023,,Western Europe,Europe,L817687,G820663,2.793
3/16/2023,50.4011,8.8622,Germany,29.8,PV,pre-construction,2022,,Western Europe,Europe,L817688,G820664,3.047
3/16/2023,53.7572,12.384,Germany,20.7,PV,pre-construction,2022,,Western Europe,Europe,L817689,G820665,2.885
3/16/2023,52.6627,9.1184,Germany,76.8,PV,pre-construction,2022,,Western Europe,Europe,L817690,G820666,2.854
3/16/2023,51.5551,7.4492,Germany,103.7,PV,pre-construction,2022,,Western Europe,Europe,L817691,G820667,2.874
3/16/2023,50.0327,7.7082,Germany,23.8,PV,pre-construction,2022,,Western Europe,Europe,L817692,G820668,3.021
3/16/2023,49.3491,6.9896,Germany,4.4,PV,pre-construction,2023,,Western Europe,Europe,L817693,G820669,3.041
3/16/2023,50.9661,12.955,Germany,25.3,PV,pre-construction,2022,,Western Europe,Europe,L817694,G820670,3.06
3/16/2023,51.781,11.8881,Germany,15.7,PV,pre-construction,2022,,Western Europe,Europe,L817695,G820671,3.022
3/16/2023,54.0523,9.9998,Germany,27.9,PV,pre-construction,2022,,Western Europe,Europe,L817696,G820672,2.79
3/16/2023,50.8346,10.8566,Germany,15.7,PV,pre-construction,2022,,Western Europe,Europe,L817697,G820673,2.992
